Current,Elevation
5.000000000000000000e-01,1.320802191153175897e+01
5.024999999999999467e-01,1.771973993450389173e+01
5.050000000000000044e-01,2.372157776702587739e+01
5.074999999999999512e-01,2.260189256538401992e+01
5.100000000000000089e-01,2.219820954493845022e+01
5.124999999999999556e-01,2.247630122439078093e+01
5.150000000000000133e-01,2.291440014990961060e+01
5.174999999999999600e-01,2.321650566211290823e+01
5.200000000000000178e-01,2.383246738298863932e+01
5.224999999999999645e-01,2.424346776755059807e+01
5.250000000000000222e-01,2.480396241709236449e+01
5.274999999999999689e-01,2.460164970838458487e+01
5.300000000000000266e-01,2.473081389522778295e+01
5.324999999999999734e-01,2.517378850170123883e+01
5.350000000000000311e-01,2.535376001256125278e+01
5.374999999999999778e-01,2.549204654935746817e+01
5.400000000000000355e-01,2.544419351690100939e+01
5.424999999999999822e-01,2.480347906570094096e+01
5.450000000000000400e-01,2.447600112770845726e+01
5.474999999999999867e-01,2.282371867561070644e+01
5.500000000000000444e-01,2.166257235101267042e+01
5.524999999999999911e-01,2.015906551697307236e+01
5.550000000000000488e-01,1.608927824553192920e+01
5.574999999999999956e-01,1.384517764718481203e+01
5.600000000000000533e-01,1.311360185830099567e+01
5.625000000000000000e-01,1.219742344444540549e+01
5.649999999999999467e-01,1.202627457771626496e+01
5.675000000000000044e-01,1.171376113519059459e+01
5.700000000000000622e-01,1.159249581461934042e+01
5.725000000000000089e-01,1.195444769095976767e+01
5.749999999999999556e-01,1.218425105017026056e+01
5.775000000000000133e-01,1.383648378729220951e+01
5.799999999999999600e-01,1.538210093323755245e+01
5.825000000000000178e-01,1.723119692153052540e+01
5.849999999999999645e-01,1.976730032431497364e+01
5.875000000000000222e-01,2.164402016605937717e+01
5.899999999999999689e-01,2.274828468725044672e+01
5.925000000000000266e-01,2.280283946113020477e+01
5.949999999999999734e-01,2.318957648493189083e+01
5.975000000000000311e-01,2.484168444091166350e+01
5.999999999999999778e-01,2.458762445382576800e+01
6.025000000000000355e-01,2.501463743925248195e+01
6.049999999999999822e-01,2.657556591987536621e+01
6.075000000000000400e-01,2.777766899412062429e+01
6.099999999999999867e-01,2.780360492670256178e+01
6.125000000000000444e-01,2.781130258750923190e+01
6.149999999999999911e-01,2.837889897182915178e+01
6.175000000000000488e-01,3.195048420788287302e+01
6.199999999999999956e-01,3.285489788345887519e+01
6.225000000000000533e-01,3.298936012582204569e+01
6.250000000000000000e-01,3.405222193396032537e+01
6.274999999999999467e-01,3.524001429283543985e+01
6.300000000000000044e-01,3.821720017338093101e+01
6.325000000000000622e-01,3.781906771001185774e+01
6.350000000000000089e-01,3.812762250898191496e+01
6.374999999999999556e-01,3.948933629425252434e+01
6.400000000000000133e-01,4.100850185883128063e+01
6.425000000000000711e-01,4.114394598106505185e+01
6.450000000000000178e-01,4.045283918659701072e+01
6.474999999999999645e-01,4.025133062867136147e+01
6.500000000000000222e-01,4.027927159123342449e+01
6.524999999999999689e-01,4.046584035307340343e+01
6.550000000000000266e-01,4.074800535478028962e+01
6.574999999999999734e-01,4.073939471005893864e+01
6.600000000000000311e-01,4.027409133725331003e+01
6.624999999999999778e-01,3.929716298194507118e+01
6.650000000000000355e-01,3.682341326740043996e+01
6.674999999999999822e-01,3.415223447777555066e+01
6.700000000000000400e-01,3.265185069008650487e+01
6.724999999999999867e-01,3.095235369428851158e+01
6.750000000000000444e-01,2.969312917564734278e+01
6.774999999999999911e-01,2.810875538408711094e+01
6.799999999999999378e-01,2.694043928127752707e+01
6.824999999999999956e-01,2.314292933390004237e+01
6.850000000000000533e-01,2.252422965057083104e+01
6.875000000000000000e-01,2.184494175521355430e+01
6.899999999999999467e-01,2.076885605498257803e+01
6.925000000000000044e-01,2.054458212008447049e+01
6.950000000000000622e-01,2.074609481492721841e+01
6.975000000000000089e-01,2.101753189904367503e+01
6.999999999999999556e-01,2.086974481994549535e+01
7.025000000000000133e-01,2.085433647806290480e+01
7.050000000000000711e-01,2.097780126336935780e+01
7.075000000000000178e-01,2.099919920291721098e+01
7.099999999999999645e-01,2.135141125296898679e+01
7.125000000000000222e-01,2.214187187636524357e+01
7.149999999999999689e-01,2.246870026177889201e+01
7.175000000000000266e-01,2.328108086133926236e+01
7.199999999999999734e-01,2.417123620098787740e+01
7.225000000000000311e-01,2.454847528527845668e+01
7.249999999999999778e-01,2.405315190675713666e+01
7.275000000000000355e-01,2.423919454185930533e+01
7.299999999999999822e-01,2.480869879389844357e+01
7.325000000000000400e-01,2.624125575963862644e+01
7.349999999999999867e-01,3.091318053748621253e+01
7.375000000000000444e-01,3.245411130926049736e+01
7.399999999999999911e-01,3.209586232809482453e+01
7.424999999999999378e-01,2.891629260902483622e+01
7.449999999999999956e-01,2.612851219784373313e+01
7.475000000000000533e-01,2.485562201765965540e+01
7.500000000000000000e-01,2.327088511030954976e+01
7.524999999999999467e-01,2.013975414347487458e+01
7.550000000000000044e-01,1.963229140185258359e+01
7.575000000000000622e-01,2.051262723222731665e+01
7.600000000000000089e-01,2.010754474778283907e+01
7.624999999999999556e-01,2.005077913238061171e+01
7.650000000000000133e-01,1.919544043931315969e+01
7.675000000000000711e-01,1.891214631663494572e+01
7.700000000000000178e-01,1.848246392520999848e+01
7.724999999999999645e-01,1.809146094319544318e+01
7.750000000000000222e-01,1.827412721128038697e+01
7.775000000000000799e-01,1.819304794948604354e+01
7.800000000000000266e-01,1.863621272610365054e+01
7.824999999999999734e-01,1.865197752190886149e+01
7.850000000000000311e-01,1.871887428988375746e+01
7.875000000000000888e-01,1.892062643094601526e+01
7.900000000000000355e-01,1.901187594768778411e+01
7.924999999999999822e-01,1.926601084605603376e+01
7.949999999999999289e-01,1.928128709032078802e+01
7.974999999999999867e-01,1.912518887188571171e+01
8.000000000000000444e-01,1.935204969234493433e+01
8.024999999999999911e-01,1.966733524856253723e+01
8.049999999999999378e-01,1.945802232900364004e+01
8.074999999999999956e-01,1.948252251080086239e+01
8.100000000000000533e-01,1.958011647538693012e+01
8.125000000000000000e-01,2.018235362598103677e+01
8.149999999999999467e-01,2.117140758201811934e+01
8.175000000000000044e-01,2.336794967149586455e+01
8.200000000000000622e-01,2.337160980430314794e+01
8.225000000000000089e-01,2.381463398948318400e+01
8.249999999999999556e-01,2.471032769136347440e+01
8.275000000000000133e-01,2.548641512216654803e+01
8.300000000000000711e-01,2.631638957571361459e+01
8.325000000000000178e-01,2.698967586299308152e+01
8.349999999999999645e-01,2.994786684064292359e+01
8.375000000000000222e-01,3.394043453935064747e+01
8.400000000000000799e-01,3.528469859346419213e+01
8.425000000000000266e-01,3.610884728478670525e+01
8.449999999999999734e-01,3.365831763882241034e+01
8.475000000000000311e-01,3.124015445860069207e+01
8.500000000000000888e-01,2.928244581812656833e+01
8.525000000000000355e-01,2.752146818112239401e+01
8.549999999999999822e-01,2.669489099440946944e+01
8.574999999999999289e-01,2.564404949752810126e+01
8.599999999999999867e-01,2.434454832445481998e+01
8.625000000000000444e-01,2.329966823390959973e+01
8.649999999999999911e-01,2.247899660185187543e+01
8.674999999999999378e-01,1.969969037511181398e+01
8.699999999999999956e-01,1.907842731635349764e+01
8.725000000000000533e-01,1.951126381057994763e+01
8.750000000000000000e-01,1.931260241804909583e+01
8.774999999999999467e-01,1.841032614628815622e+01
8.800000000000000044e-01,1.771446973461642926e+01
8.825000000000000622e-01,1.692507713099180933e+01
8.850000000000000089e-01,1.677635985325687784e+01
8.874999999999999556e-01,1.706997723554292179e+01
8.900000000000000133e-01,1.725326192546270931e+01
8.925000000000000711e-01,1.732563327285755861e+01
8.950000000000000178e-01,1.728158471350806735e+01
8.974999999999999645e-01,1.728061183768745934e+01
9.000000000000000222e-01,1.747593323461001091e+01
9.025000000000000799e-01,1.728111911929741495e+01
9.050000000000000266e-01,1.707708429187796639e+01
9.074999999999999734e-01,1.705797246996242222e+01
9.100000000000000311e-01,1.702189430303992879e+01
9.125000000000000888e-01,1.702072473953053589e+01
9.150000000000000355e-01,1.704144013836072702e+01
9.174999999999999822e-01,1.706506983031954405e+01
9.199999999999999289e-01,1.702401740111177730e+01
9.224999999999999867e-01,1.696611026780661291e+01
9.250000000000000444e-01,1.691252940996278653e+01
9.274999999999999911e-01,1.683676800641855209e+01
9.299999999999999378e-01,1.668674841912202567e+01
9.324999999999999956e-01,1.670755394617427214e+01
9.350000000000000533e-01,1.650861831879383601e+01
9.375000000000000000e-01,1.650065587787905486e+01
9.399999999999999467e-01,1.645576702870283725e+01
9.425000000000000044e-01,1.644567184351132028e+01
9.450000000000000622e-01,1.627887192275308337e+01
9.475000000000000089e-01,1.615941441740700668e+01
9.499999999999999556e-01,1.601130776132400513e+01
9.525000000000000133e-01,1.534769097088980061e+01
9.550000000000000711e-01,1.540089814668645829e+01
9.575000000000000178e-01,1.587026322676892676e+01
9.599999999999999645e-01,1.593929522716810254e+01
9.625000000000000222e-01,1.614646214344800512e+01
9.650000000000000799e-01,1.622329904465860295e+01
9.675000000000000266e-01,1.624685898302675469e+01
9.699999999999999734e-01,1.631138003594107033e+01
9.725000000000000311e-01,1.620896051483079248e+01
9.750000000000000888e-01,1.625610438422562254e+01
9.775000000000000355e-01,1.640029346953481593e+01
9.799999999999999822e-01,1.657712077452136157e+01
9.824999999999999289e-01,1.667648123844125507e+01
9.849999999999999867e-01,1.664675298478866239e+01
9.875000000000000444e-01,1.663759051450773541e+01
9.899999999999999911e-01,1.655251824845954900e+01
9.924999999999999378e-01,1.656582637954045367e+01
9.949999999999999956e-01,1.647822857236795357e+01
9.975000000000000533e-01,1.647927901033763476e+01
1.000000000000000000e+00,1.649188671074017520e+01
1.002499999999999947e+00,1.633044750447346871e+01
1.004999999999999893e+00,1.625951691850228542e+01
1.007500000000000062e+00,1.622139050022094864e+01
1.010000000000000009e+00,1.618770057712627874e+01
1.012499999999999956e+00,1.591766445901252780e+01
1.015000000000000124e+00,1.573488133880489670e+01
1.017500000000000071e+00,1.555412371308700870e+01
1.020000000000000018e+00,1.561942038629449314e+01
1.022499999999999964e+00,1.568143248067764262e+01
1.024999999999999911e+00,1.561989126941394090e+01
1.027499999999999858e+00,1.555189001021260253e+01
1.030000000000000027e+00,1.553876645774701615e+01
1.032499999999999973e+00,1.549713729758067871e+01
1.035000000000000142e+00,1.549011550138713744e+01
1.037500000000000089e+00,1.553089414955664438e+01
1.040000000000000036e+00,1.549539092779039606e+01
1.042499999999999982e+00,1.532454542834825872e+01
1.044999999999999929e+00,1.553987072432786931e+01
1.047499999999999876e+00,1.555000313926917954e+01
1.050000000000000044e+00,1.553292515990725065e+01
1.052499999999999991e+00,1.570737805996411396e+01
1.055000000000000160e+00,1.567870466881403502e+01
1.057500000000000107e+00,1.570704534504812955e+01
1.060000000000000053e+00,1.574829377852175583e+01
1.062500000000000000e+00,1.571466925678571158e+01
1.064999999999999947e+00,1.569143628966148185e+01
1.067499999999999893e+00,1.571161287332157031e+01
1.070000000000000062e+00,1.581435321756960377e+01
1.072500000000000009e+00,1.579242240947155551e+01
1.075000000000000178e+00,1.585449359606887754e+01
1.077500000000000124e+00,1.590757192465993342e+01
1.080000000000000071e+00,1.589453987399265600e+01
1.082500000000000018e+00,1.582059739185052649e+01
1.084999999999999964e+00,1.588462798789237240e+01
1.087499999999999911e+00,1.586827744064733281e+01
1.089999999999999858e+00,1.573718100077465465e+01
1.092500000000000027e+00,1.573674659280800370e+01
1.094999999999999973e+00,1.565521876523574463e+01
1.097500000000000142e+00,1.558681651593079209e+01
1.100000000000000089e+00,1.560226572912655740e+01
1.102500000000000036e+00,1.544032734759271364e+01
1.104999999999999982e+00,1.530446317523967537e+01
1.107499999999999929e+00,1.507630102607035383e+01
1.109999999999999876e+00,1.474109047974175724e+01
1.112500000000000044e+00,1.415559711468969795e+01
1.114999999999999991e+00,1.455801631930494011e+01
1.117500000000000160e+00,1.452219325936320615e+01
1.120000000000000107e+00,1.461706140677097210e+01
1.122500000000000053e+00,1.471573291707855446e+01
1.125000000000000000e+00,1.437917606948508364e+01
1.127499999999999947e+00,1.475700991297468079e+01
1.129999999999999893e+00,1.455269966805614956e+01
1.132500000000000062e+00,1.481592030446702779e+01
1.135000000000000009e+00,1.479880273749603248e+01
1.137500000000000178e+00,1.469395971752612695e+01
1.140000000000000124e+00,1.459273676348880144e+01
1.142500000000000071e+00,1.457481328644402652e+01
1.145000000000000018e+00,1.444119644893287102e+01
1.147499999999999964e+00,1.426970592536335403e+01
1.149999999999999911e+00,1.413047414476302777e+01
1.152499999999999858e+00,1.417043721526859201e+01
1.155000000000000027e+00,1.406127170048006292e+01
1.157499999999999973e+00,1.394780032663096847e+01
1.160000000000000142e+00,1.381136606646124676e+01
1.162500000000000089e+00,1.364608681054237138e+01
1.165000000000000036e+00,1.347932542049595384e+01
1.167499999999999982e+00,1.344760391140326306e+01
1.169999999999999929e+00,1.340370976348398813e+01
1.172499999999999876e+00,1.322157906997141197e+01
1.175000000000000044e+00,1.315025646565923978e+01
1.177499999999999991e+00,1.300737487575840134e+01
1.180000000000000160e+00,1.295527240693753868e+01
1.182500000000000107e+00,1.272054307307043075e+01
1.185000000000000053e+00,1.263886692275531232e+01
1.187500000000000000e+00,1.233629192192938717e+01
1.189999999999999947e+00,1.219019006629183366e+01
1.192499999999999893e+00,1.213689577307357581e+01
1.195000000000000062e+00,1.214905184287607653e+01
1.197500000000000009e+00,1.211332674023287836e+01
1.200000000000000178e+00,1.206046202172898063e+01
1.202500000000000124e+00,1.199166237558739567e+01
1.205000000000000071e+00,1.191238348382357515e+01
1.207500000000000018e+00,1.191287774797326904e+01
1.209999999999999964e+00,1.181127126292210505e+01
1.212499999999999911e+00,1.182424465659711643e+01
1.214999999999999858e+00,1.191923106859451309e+01
1.217500000000000027e+00,1.199110967056456900e+01
1.219999999999999973e+00,1.190593344849253299e+01
1.222500000000000142e+00,1.196229932169755728e+01
1.225000000000000089e+00,1.195486398994968624e+01
1.227500000000000036e+00,1.190576584234675295e+01
1.229999999999999982e+00,1.202526038340073455e+01
1.232499999999999929e+00,1.200529740662729239e+01
1.234999999999999876e+00,1.190860448694373019e+01
1.237500000000000044e+00,1.186420429157311673e+01
1.239999999999999991e+00,1.178825813949458734e+01
1.242500000000000160e+00,1.178972909662203961e+01
1.245000000000000107e+00,1.175794413216658540e+01
1.247500000000000053e+00,1.184234517977432688e+01
1.250000000000000000e+00,1.164649589728905710e+01
1.252499999999999947e+00,1.156354353596258022e+01
1.254999999999999893e+00,1.154000066324859120e+01
1.257500000000000062e+00,1.123584918496509033e+01
1.260000000000000009e+00,1.098892303997310194e+01
1.262500000000000178e+00,1.150744357564293807e+01
1.265000000000000124e+00,1.157388666874911110e+01
1.267500000000000071e+00,1.148434901591927826e+01
1.270000000000000018e+00,1.131819751280501407e+01
1.272499999999999964e+00,1.228706258543628849e+01
1.274999999999999911e+00,1.213083761550321071e+01
1.277499999999999858e+00,1.181493708606089399e+01
1.280000000000000027e+00,1.265165515228002846e+01
1.282499999999999973e+00,1.228954169964343635e+01
1.285000000000000142e+00,1.220079515165471662e+01
1.287500000000000089e+00,1.206960134978930910e+01
1.290000000000000036e+00,1.036038670443170417e+01
1.292499999999999982e+00,1.156263629396502779e+01
1.294999999999999929e+00,1.187435968745566583e+01
1.297499999999999876e+00,1.245624168272136956e+01
1.300000000000000044e+00,1.277507528802860293e+01
1.302499999999999991e+00,1.234619046416483457e+01
1.305000000000000160e+00,1.278890017264828316e+01
1.307500000000000107e+00,1.273883503978890985e+01
1.310000000000000053e+00,1.231844640887543108e+01
1.312500000000000000e+00,1.207473272225871597e+01
1.314999999999999947e+00,1.301105382699671509e+01
1.317499999999999893e+00,1.287451469617046484e+01
1.320000000000000062e+00,1.306310572379655355e+01
1.322500000000000009e+00,1.450761179774919185e+01
1.325000000000000178e+00,1.531896215158694474e+01
1.327500000000000124e+00,1.574046858647081137e+01
1.330000000000000071e+00,1.651963996442137272e+01
1.332500000000000018e+00,1.631685245349207491e+01
1.334999999999999964e+00,1.598326033727963136e+01
1.337499999999999911e+00,1.538812999788771663e+01
1.339999999999999858e+00,1.420947459063204121e+01
1.342500000000000027e+00,1.205863946735240688e+01
1.344999999999999973e+00,1.057908291288643454e+01
1.347500000000000142e+00,1.062085937940294400e+01
1.350000000000000089e+00,1.124659252311741398e+01
1.352500000000000036e+00,1.236524053891950814e+01
1.354999999999999982e+00,1.630096672047820050e+01
1.357499999999999929e+00,2.178909344916900181e+01
1.359999999999999876e+00,2.863211352609280169e+01
1.362500000000000044e+00,3.697271376174104063e+01
1.364999999999999991e+00,4.542715841909891594e+01
1.367500000000000160e+00,5.247943711095497576e+01
1.370000000000000107e+00,5.756118027358157008e+01
1.372500000000000053e+00,5.914473966895522494e+01
1.375000000000000000e+00,6.018150925491948300e+01
1.377499999999999947e+00,5.882422388399794499e+01
1.379999999999999893e+00,5.549960749172134911e+01
1.382500000000000062e+00,5.163022289447494728e+01
1.385000000000000009e+00,4.726473555430949602e+01
1.387500000000000178e+00,4.476508338618510408e+01
1.390000000000000124e+00,4.297627816861221106e+01
1.392500000000000071e+00,4.315539685897145716e+01
1.395000000000000018e+00,4.411882334572580078e+01
1.397499999999999964e+00,4.415899568327728986e+01
1.399999999999999911e+00,4.378188643316877204e+01
1.402499999999999858e+00,4.396579443643791762e+01
1.405000000000000027e+00,4.474413411284400865e+01
1.407499999999999973e+00,4.484395163802518169e+01
1.410000000000000142e+00,4.559535372824425536e+01
1.412500000000000089e+00,4.621279839729481154e+01
1.415000000000000036e+00,4.578799511975664416e+01
1.417499999999999982e+00,4.423671776833739955e+01
1.419999999999999929e+00,4.203109882993934576e+01
1.422499999999999876e+00,4.052363241247152104e+01
1.425000000000000044e+00,3.958047661315901422e+01
1.427499999999999991e+00,3.817441490069307974e+01
1.430000000000000160e+00,3.694698646625570859e+01
1.432500000000000107e+00,3.570213234489971654e+01
1.435000000000000053e+00,3.511201495199902212e+01
1.437500000000000000e+00,3.370601306552217835e+01
1.439999999999999947e+00,3.203110861941169674e+01
1.442499999999999893e+00,3.141644591954241150e+01
1.445000000000000062e+00,3.111206454614257666e+01
1.447500000000000009e+00,3.115567138861736396e+01
1.450000000000000178e+00,3.063571118536577131e+01
1.452500000000000124e+00,2.932980078144716174e+01
1.455000000000000071e+00,2.809739763534894763e+01
1.457500000000000018e+00,2.761183868821512988e+01
1.459999999999999964e+00,2.789986129082509336e+01
1.462499999999999911e+00,2.857438225708560253e+01
1.464999999999999858e+00,2.904522233482981619e+01
1.467500000000000027e+00,2.910006193952003883e+01
1.469999999999999973e+00,2.939851150886904918e+01
1.472500000000000142e+00,3.023186787013680288e+01
1.475000000000000089e+00,3.029617719015573130e+01
1.477500000000000036e+00,3.013998245853935032e+01
1.479999999999999982e+00,3.035848393963934910e+01
1.482499999999999929e+00,3.025162173497746920e+01
1.484999999999999876e+00,3.009968849686069348e+01
1.487500000000000044e+00,2.998408702783254398e+01
1.489999999999999991e+00,2.997361221108361917e+01
1.492500000000000160e+00,3.064286880339395935e+01
1.495000000000000107e+00,3.141168416049094958e+01
1.497500000000000053e+00,3.234890024280565513e+01
1.500000000000000000e+00,3.354836868624298063e+01
